,author_id,tweet_id,text,created_at
0,44196397,1520816005999697920,"@Rainmaker1973 An amazing example of what implanted electrodes can do, even when there are only a few large wires",2022-05-01 17:22:45+00:00
1,44196397,1520657179908448258,@pmarca Haha he says ‚ÄúBitcoin‚Äù so many times,2022-05-01 06:51:38+00:00
2,44196397,1520650036865949696,"Since I‚Äôve been asked a lot:

Buy stock in several companies that make products &amp; services that *you* believe in.

Only sell if you think their products &amp; services are trending worse. Don‚Äôt panic when the market does.

This will serve you well in the long-term.",2022-05-01 06:23:15+00:00
3,44196397,1520645386427195392,@vallioo @pmarca Munger is correct,2022-05-01 06:04:47+00:00
4,44196397,1520644460710834176,"@TheCaptain_Nemo @pmarca Major problem. Passive/index managers should vote in the best interests of shareholders, not shift responsibility to proxy advisory firms.",2022-05-01 06:01:06+00:00
5,44196397,1520643441994387456,"@pegobry @pmarca Exactly. Right before he died, Jack Bogle (of Vanguard fame) said index/passive funds were too great a percentage of the market and he really knew what he was talking about! 

There should be a shift back towards active investment. Passive has gone too far.",2022-05-01 05:57:03+00:00
6,44196397,1520637810146832385,"@pmarca Exactly, decisions are being made on behalf of actual shareholders that are contrary to their interests! Major problem with index/passive funds.",2022-05-01 05:34:40+00:00
7,44196397,1520635708976762880,@BillyM2k Not a bad idea,2022-05-01 05:26:19+00:00
8,44196397,1520625791750467584,@lexfridman True,2022-05-01 04:46:55+00:00
9,44196397,1520624512588742657,"@GovMikeHuckabee Authentication is important, but so is anonymity for many. A balance must be struck.",2022-05-01 04:41:50+00:00
10,44196397,1520603813492580359,@pmarca Humans,2022-05-01 03:19:35+00:00
11,44196397,1520585588369285120,@Cernovich No kidding ‚Ä¶,2022-05-01 02:07:10+00:00
12,44196397,1520534341951971328,@SNICKERS Phew,2022-04-30 22:43:31+00:00
13,44196397,1520269132062625793,@pmarca I‚Äôve talked to many more people who were helped by psychedelics &amp; ketamine than SSRIs &amp; amphetamines,2022-04-30 05:09:40+00:00
14,44196397,1520230701399830529,"@pmarca Drugs, alcohol especially, have played a major role throughout history https://t.co/pV2UcLqCh8",2022-04-30 02:36:58+00:00
15,44196397,1520222336703598593,@PPathole @pmarca A friend just emailed me about her bad Ritalin experience. Best to be cautious with all neurotransmitter drugs.,2022-04-30 02:03:44+00:00
16,44196397,1520218243922751488,"@PPathole @pmarca I have not heard bad things about Ritalin, which is not good to say it‚Äôs good, just haven‚Äôt heard bad things about it",2022-04-30 01:47:28+00:00
17,44196397,1520211168979259393,"@pmarca Wellbutrin is way worse than Adderall imo. It should be taken off the market. 

Every time that drug has come up in conversation, someone at the table has a suicide or near suicide story.",2022-04-30 01:19:21+00:00
18,44196397,1520192322511724544,@WilliamShatner You will always be my Captain,2022-04-30 00:04:28+00:00
19,44196397,1520179558665887744,@pmarca Adderall is an anger amplifier. Avoid at all costs.,2022-04-29 23:13:45+00:00
20,44196397,1520164347145863169,"@waitbutwhy Antarctica, which is a massive continent, only had a human settlement ~127 years ago",2022-04-29 22:13:18+00:00
21,44196397,1520163374222479360,@waitbutwhy True,2022-04-29 22:09:26+00:00
22,44196397,1520158873637765120,@BillyM2k @waitbutwhy ü§£,2022-04-29 21:51:33+00:00
23,44196397,1520158815790026756,RT @Tesla: Tesla Cyber Rodeo,2022-04-29 21:51:19+00:00
24,44196397,1520157248277913602,RT @SpaceX: Watch Falcon 9 launch 53 Starlink satellites to orbit ‚Üí https://t.co/3Cr99l2Cre https://t.co/2SPtX3ketY,2022-04-29 21:45:05+00:00
25,44196397,1520152887090892800,"@AOC Stop hitting on me, I‚Äôm really shy ‚ò∫Ô∏è",2022-04-29 21:27:46+00:00
26,44196397,1520114467304099842,"@TeslaOwnersEBay @GailAlfarATX @Tesla @EvaFoxU @Proxima06_Aiai @DBurkland @lewins_ian @Lstad78 @1stMarsColonist @JosephVVallace @dubbleotrippleo No, I meant wide release to high safety score beta participants. Going to all beta participants is expected later this year.",2022-04-29 18:55:06+00:00
27,44196397,1520095963595132928,@teslaownersSV @28delayslater Update probably goes to wide release next week. This is a big one.,2022-04-29 17:41:34+00:00
28,44196397,1520093967060287489,@28delayslater True haha,2022-04-29 17:33:38+00:00
29,44196397,1520022726035058689,@WholeMarsBlog The people of Twitter strongly agree that Twitter needs to be fixed,2022-04-29 12:50:33+00:00
30,44196397,1520021098934554624,"But I‚Äôm no fan of the far right either. 

Let‚Äôs have less hate and more love.",2022-04-29 12:44:05+00:00
31,44196397,1520017094007476224,"The far left hates everyone, themselves included!",2022-04-29 12:28:10+00:00
32,44196397,1520016791682134019,@pmarca ü§£,2022-04-29 12:26:58+00:00
33,44196397,1520016227242065920,@TomFitton @Twitter This is messed up,2022-04-29 12:24:43+00:00
34,44196397,1520015859162488835,"@WholeMarsBlog I try not to pick fights, but I do finish them",2022-04-29 12:23:16+00:00
35,44196397,1520013642359574528,"@Cbiggs90 @Tesla @Teslarati @JaneidyEve The car knows that something is there, just doesn‚Äôt know that they‚Äôre horses yet, but it will. Dogs, cats and many other animals will also be recognized.",2022-04-29 12:14:27+00:00
36,44196397,1519852213698502656,"@waitbutwhy I strongly supported Obama for President, but today‚Äôs Democratic Party has been hijacked by extremists",2022-04-29 01:32:59+00:00
37,44196397,1519850299757846530,@WholeMarsBlog No further TSLA sales planned after today,2022-04-29 01:25:23+00:00
38,44196397,1519830218319486986,@MichaelDell @Twitter @Dell @emc ü§£,2022-04-29 00:05:35+00:00
39,44196397,1519783048228843521,"‚ÄúReal magic is only a sip away.‚Äù
(Actual slogan of Coca-Cola!!) ü§£ü§£",2022-04-28 20:58:09+00:00
40,44196397,1519781958578016256,.@CocaCola Oh hi lol https://t.co/VhhVM9GzLJ,2022-04-28 20:53:49+00:00
41,44196397,1519778991359635457,@BillyM2k Same,2022-04-28 20:42:02+00:00
42,44196397,1519735033950470144,https://t.co/Q9OjlJhi7f,2022-04-28 17:47:22+00:00
43,44196397,1519732212861706240,@walterkirn Freedom of speech means freedom of speech,2022-04-28 17:36:09+00:00
44,44196397,1519717964215468032,@scrowder Discomforting,2022-04-28 16:39:32+00:00
45,44196397,1519620358189555713,@DavidSacks @willcain Accurate interview,2022-04-28 10:11:41+00:00
46,44196397,1519609974942486528,@The_Kyle_Mann ü§£ü§£,2022-04-28 09:30:25+00:00
47,44196397,1519577969282400256,@WatcherGuru FCC FTW!,2022-04-28 07:23:14+00:00
48,44196397,1519541001630752768,@BBCScienceNews https://t.co/SYNTEWKn7q,2022-04-28 04:56:21+00:00
49,44196397,1519538963882680320,@pmarca Sounds like satire,2022-04-28 04:48:15+00:00
50,44196397,1519506013069754371,@DrRamblings @BillyM2k Great show!,2022-04-28 02:37:19+00:00
51,44196397,1519505697104449538,@dogeofficialceo Trumpet is legit a way better name,2022-04-28 02:36:03+00:00
52,44196397,1519505371110461440,RT @SpaceX: Video of Dragon‚Äôs Draco thrusters moving the spacecraft closer to the @Space_Station https://t.co/0zBNYgAcDb,2022-04-28 02:34:46+00:00
53,44196397,1519495982723084290,"Listen, I can‚Äôt do miracles ok https://t.co/z7dvLMUXy8",2022-04-28 01:57:27+00:00
54,44196397,1519495072802390016,Let‚Äôs make Twitter maximum fun!,2022-04-28 01:53:50+00:00
55,44196397,1519494019855884288,@PPathole Kicks Red Bull‚Äôs ass!,2022-04-28 01:49:39+00:00
56,44196397,1519484469387878400,@BillyM2k Some sci-fi that actually features sci-fi would be great,2022-04-28 01:11:42+00:00
57,44196397,1519480761749016577,Next I‚Äôm buying Coca-Cola to put the cocaine back in,2022-04-28 00:56:58+00:00
58,44196397,1519469891455234048,"Twitter DMs should have end to end encryption like Signal, so no one can spy on or hack your messages",2022-04-28 00:13:47+00:00
59,44196397,1519467252378222593,RT @SpaceX: Docking confirmed! https://t.co/RyPZBAv5Lo,2022-04-28 00:03:17+00:00
60,44196397,1519464646054494210,@IndyArts ü§£üí´,2022-04-27 23:52:56+00:00
61,44196397,1519441841116041219,"@benshapiro Attacks are coming thick and fast, primarily from the left, which is no surprise, however I should be clear that the right will probably be a little unhappy too.

My goal is to maximize area under the curve of total human happiness, which means the ~80% of people in the middle.",2022-04-27 22:22:19+00:00
62,44196397,1519440087477628929,@BLKMDL3 @boringcompany Vegas Boring Co tunnel,2022-04-27 22:15:21+00:00
63,44196397,1519427628138217473,@dickc What are talking about? I‚Äôm just saying Twitter needs to be politically neutral.,2022-04-27 21:25:50+00:00
64,44196397,1519415674111672325,"For Twitter to deserve public trust, it must be politically neutral, which effectively means upsetting the far right and the far left equally",2022-04-27 20:38:20+00:00
65,44196397,1519409148215111681,"@robbysoave @esaagar The Washington Post targets me relentlessly! 

Their insults could be higher quality, but some are not bad. I gave them 3 stars on Yelp.",2022-04-27 20:12:24+00:00
66,44196397,1519387127078920192,"@Erdayastronaut @RubinReport @nytimes @Forbes @SocialBlade Almost every media outlet on Earth wrote about me acquiring Twitter, causing a massive influx of new users",2022-04-27 18:44:54+00:00
67,44196397,1519378158008651778,"@RubinReport @nytimes @Forbes Yeah, I noticed that too. Pretty weird.",2022-04-27 18:09:16+00:00
68,44196397,1519377424437243904,https://t.co/1CE7rjBrNH,2022-04-27 18:06:21+00:00
69,44196397,1519367926708588545,Should be called Trumpet instead!,2022-04-27 17:28:36+00:00
70,44196397,1519363666377908225,Truth Social (terrible name) exists because Twitter censored free speech,2022-04-27 17:11:41+00:00
71,44196397,1519360578409701378,@Kleanisklean ü§£ü§£,2022-04-27 16:59:24+00:00
72,44196397,1519228373733679105,RT @SpaceX: Crew-4 on orbit https://t.co/pNlRTTdSYE,2022-04-27 08:14:04+00:00
73,44196397,1519187992862248960,@daelmor ü§£,2022-04-27 05:33:37+00:00
74,44196397,1519179787163652099,Truth Social is currently beating Twitter &amp; TikTok on the Apple Store https://t.co/RxawVUAYKH,2022-04-27 05:01:00+00:00
75,44196397,1519178893906878464,RT @SpaceX: Astronauts arrive at Launch Complex 39A ahead of flight https://t.co/fKuuZSl1fy,2022-04-27 04:57:27+00:00
76,44196397,1519178864135704578,RT @SpaceX: Watch Falcon 9 launch Dragon and the Crew-4 astronauts to the @space_station ‚Üí https://t.co/X7abHvGtMp  https://t.co/IhWE5Ta6lv,2022-04-27 04:57:20+00:00
77,44196397,1519151823831060481,@Cernovich Sounds pretty bad ‚Ä¶,2022-04-27 03:09:53+00:00
78,44196397,1519073003933515776,@esaagar Suspending the Twitter account of a major news organization for publishing a truthful story was obviously incredibly inappropriate,2022-04-26 21:56:41+00:00
79,44196397,1519047548509466624,Per aspera ad astra!,2022-04-26 20:15:32+00:00
80,44196397,1519046094461702145,"Raptor 2 rocket engines at Starbase, each producing over half a million pounds (230 tons) of force https://t.co/9ixxXXceG3",2022-04-26 20:09:46+00:00
81,44196397,1519036983137509376,"By ‚Äúfree speech‚Äù, I simply mean that which matches the law. 

I am against censorship that goes far beyond the law. 

If people want less free speech, they will ask government to pass laws to that effect.

Therefore, going beyond the law is contrary to the will of the people.",2022-04-26 19:33:33+00:00
82,44196397,1519020176884305920,The extreme antibody reaction from those who fear free speech says it all,2022-04-26 18:26:46+00:00
83,44196397,1519018914604277760,@levie ü§©,2022-04-26 18:21:45+00:00
84,44196397,1519013984879394818,@dogeofficialceo Can someone please give the NPCs a bigger dialogue tree!?,2022-04-26 18:02:10+00:00
85,44196397,1519006816084144132,"RT @NASA: The four astronauts of #Crew4 are set to launch to our orbiting laboratory on April 27 at 3:52am ET (7:52 UTC).

Join us RIGHT NO‚Ä¶",2022-04-26 17:33:41+00:00
86,44196397,1519005892850720768,RT @SpaceX: Weather is 90% favorable for tomorrow‚Äôs Falcon 9 launch of Dragon and the Crew-4 astronauts. Webcast will go live at 12:00 a.m.‚Ä¶,2022-04-26 17:30:01+00:00
87,44196397,1518677066325053441,üöÄüí´‚ô•Ô∏è Yesss!!! ‚ô•Ô∏èüí´üöÄ https://t.co/0T9HzUHuh6,2022-04-25 19:43:22+00:00
88,44196397,1518623997054918657,"I hope that even my worst critics remain on Twitter, because that is what free speech means",2022-04-25 16:12:30+00:00
89,44196397,1518620915793289216,RT @boringcompany: Hyperloop testing at full-scale begins later this year.,2022-04-25 16:00:15+00:00
90,44196397,1518614732839735304,And be my love in the rain,2022-04-25 15:35:41+00:00
91,44196397,1518586070476238848,"@TechEmails The Instagram curse: 

Water everywhere, yet always thirsty.",2022-04-25 13:41:47+00:00
92,44196397,1518584068555919360,@PPathole @Tesla @SpaceX @neuralink @boringcompany I do love humanity,2022-04-25 13:33:50+00:00
93,44196397,1518569260523659266,"@PPathole @WholeMarsBlog The San Francisco office of the SEC were shameless puppets of Wall St shortseller sharks, while doing nothing to protect actual shareholders. That is why I lost all respect for them.",2022-04-25 12:35:00+00:00
94,44196397,1518566089264963586,"@WholeMarsBlog The head of Saudi PIF committed unequivocally to take Tesla private with me, as witnessed by the Tesla CFO and several others. That is why I said funding was secured.",2022-04-25 12:22:23+00:00
95,44196397,1518441666776125440,@Teslaconomics Yup,2022-04-25 04:07:59+00:00
96,44196397,1518394543800045568,RT @SpaceX: Watch Dragon and the Ax-1 astronauts depart the @space_station and return to Earth ‚Üí https://t.co/N3MHSxCS0k  https://t.co/JJxg‚Ä¶,2022-04-25 01:00:44+00:00
97,44196397,1518359943967121408,"@JohnnaCrider1 @stats_feed Underground tunnels are immune to surface weather conditions (subways are a good example), so it wouldn‚Äôt matter to Hyperloop if a hurricane was raging on the surface. You wouldn‚Äôt even notice.",2022-04-24 22:43:15+00:00
98,44196397,1518358595682848780,"@JohnnaCrider1 @stats_feed In the coming years, Boring Co will attempt to build a working Hyperloop. 

From a known physics standpoint, this is the fastest possible way of getting from one city center to another for distances less than ~2000 miles. Starship is faster for longer journeys.",2022-04-24 22:37:53+00:00
99,44196397,1518331787998638082,"@WholeMarsBlog Next beta release has many improvements, especially for complex left turns &amp; heavy traffic",2022-04-24 20:51:22+00:00
100,44196397,1518331451300888578,@SawyerMerritt Strange how these things are bucketed. I think of the whole company as being R&amp;D.,2022-04-24 20:50:01+00:00
101,44196397,1518265399976116227,"@BillyM2k First one definitely, second is nice to have and third isn‚Äôt needed imo",2022-04-24 16:27:34+00:00
102,44196397,1518263718240563200,@stats_feed Tunnels anyone?,2022-04-24 16:20:53+00:00
103,44196397,1518240703033356288,@TeslaJedi @Teslarati @ResidentSponge Drug naming conventions are so ridiculous! Does someone just literally have a random syllable generator!?,2022-04-24 14:49:25+00:00
104,44196397,1518237929696641024,@ICannot_Enough @MoodysInvSvc @SPGlobalRatings @MmeAlexandraS ü§£,2022-04-24 14:38:24+00:00
105,44196397,1518234561150427141,(from making fun of Gates for shorting Tesla while claiming to support climate change action),2022-04-24 14:25:01+00:00
106,44196397,1518232913837494272,@PPathole @JamesWLaw1 @Teslarati @ResidentSponge Getting there,2022-04-24 14:18:28+00:00
107,44196397,1518226433730134018,"@JamesWLaw1 @Teslarati @ResidentSponge Definitely. Might be less than 5 years away, as current version Neuralinks are semi-generalized neural read/write devices with ~1000 electrodes and tinnitus  probably needs &lt;&lt;1000.

Future gen Neuralinks will increase electrode count by many orders of magnitude.",2022-04-24 13:52:43+00:00
108,44196397,1518222204097413122,"@Teslarati @ResidentSponge In the meantime, semaglutide (aka Ozempic/Rybelsus) appears to be effective in appetite control with minor side effects",2022-04-24 13:35:55+00:00
109,44196397,1518220907864637441,@TeslaOwnersEBay @Teslarati @ResidentSponge @neuralink Yes,2022-04-24 13:30:46+00:00
110,44196397,1518220297803022336,"@24_7TeslaNews @Teslarati @ResidentSponge Current generation Neuralinks can help to some degree, but an advanced case of Alzheimers often involves macro degeneration of the brain. 

However, Neuralinks should theoretically be able restore almost any functionality lost due *localized* brain damage from stroke or injury.",2022-04-24 13:28:20+00:00
111,44196397,1518218293680783360,@karpathy !,2022-04-24 13:20:23+00:00
112,44196397,1518218193843728385,"@Teslarati @ResidentSponge If you‚Äôve engineered or manufactured smart watches or phones, please join Neuralink! Your skills are directly applicable.",2022-04-24 13:19:59+00:00
113,44196397,1518217571677446144,"@Teslarati @ResidentSponge It is an electronics/mechanical/software engineering problem for the Neuralink device that is similar in complexity level to smart watches (which are not easy!), plus the surgical robot, which is comparable to state-of-the art CNC machines.

No need for AI/ NN/ML quite yet.",2022-04-24 13:17:30+00:00
114,44196397,1518215247630327809,"@Teslarati @ResidentSponge Certainly physically possible. 

We‚Äôre working on bridging broken links between brain &amp; body.

Neuralinks in motor &amp; sensory cortex bridging past weak/broken links in neck/spine to Neuralinks in spinal cord should theoretically be able to restore full body functionality.",2022-04-24 13:08:16+00:00
115,44196397,1518194746052726786,Moving on ‚Ä¶,2022-04-24 11:46:48+00:00
116,44196397,1518046791702298625,"@BillyM2k Also, epic printer scene in Office Space",2022-04-24 01:58:53+00:00
117,44196397,1518046401632129024,@BillyM2k https://t.co/NhtkBDE5k8,2022-04-24 01:57:20+00:00
118,44196397,1517974305522475010,@jack Your new title at Block is üî•üî•,2022-04-23 21:10:51+00:00
119,44196397,1517936571349090304,@PPathole Yeah,2022-04-23 18:40:55+00:00
120,44196397,1517935052096778241,@wintonARK ESG ratings make no sense,2022-04-23 18:34:52+00:00
121,44196397,1517751837369188352,"@nichegamer Elden Ring is incredible, but why are extremely gory death/murder scenes ok, but panties get you banned!?",2022-04-23 06:26:51+00:00
122,44196397,1517747980681592832,@pmarca ü§î,2022-04-23 06:11:31+00:00
123,44196397,1517747629291188224,@BillyM2k ü§£ also why are there still printers?,2022-04-23 06:10:07+00:00
124,44196397,1517720893346271232,@Teslarati Tesla China is doing incredible work,2022-04-23 04:23:53+00:00
125,44196397,1517716718382166016,shadow ban council reviewing tweet ‚Ä¶ https://t.co/cawjtwc7CW,2022-04-23 04:07:18+00:00
126,44196397,1517707521343082496,in case u need to lose a boner fast https://t.co/fcHiaXKCJi,2022-04-23 03:30:45+00:00
127,44196397,1517702987359133696,"@WholeMarsBlog Yeah, but I didn‚Äôt leak it to NYT. They must have got it through friends of friends. 

I heard from multiple people at TED that Gates still had half billion short against Tesla, which is why I asked him, so it‚Äôs not exactly top secret.",2022-04-23 03:12:44+00:00
128,44196397,1517697082588639237,"@WholeMarsBlog FSD is best in Bay Area, given engineering mostly lives there, but rest of country will soon be at that level",2022-04-23 02:49:16+00:00
129,44196397,1517695592000065536,@PPathole @teslaownersSV @BillyM2k @engineers_feed Something like that,2022-04-23 02:43:21+00:00
130,44196397,1517693695226691586,@AlexAndBooks_ Good list,2022-04-23 02:35:48+00:00
131,44196397,1517692030759182337,@teslaownersSV @BillyM2k @engineers_feed Yes,2022-04-23 02:29:12+00:00
132,44196397,1517681356125392897,@BillyM2k @engineers_feed So many ‚Äúverified‚Äù scam crypto bots!,2022-04-23 01:46:47+00:00
133,44196397,1517653363969740801,"@engineers_feed I will verify you. 

The current process for verification is like if Kafka had a Magic 8-Ball!",2022-04-22 23:55:33+00:00
134,44196397,1517650638393561094,@PPathole I wish we did. Would be better for making life multiplanetary.,2022-04-22 23:44:43+00:00
135,44196397,1517650251926192128,What is best in life?,2022-04-22 23:43:11+00:00
136,44196397,1517649402449510401,The Barbarians are at the Gate,2022-04-22 23:39:48+00:00
137,44196397,1517648751002886149,@teslaownersSV @SpaceX The real tragedy is that tie I‚Äôm wearing!,2022-04-22 23:37:13+00:00
138,44196397,1517647730159628288,@WholeMarsBlog That number should probably be on my gravestone at this point,2022-04-22 23:33:10+00:00
139,44196397,1517419427528118273,@PPathole Yes,2022-04-22 08:25:58+00:00
140,44196397,1517244364703027201,@28delayslater ü§£üíØ,2022-04-21 20:50:20+00:00
141,44196397,1517236891606790144,Believe in the future,2022-04-21 20:20:38+00:00
142,44196397,1517234911035412481,https://t.co/IOV4tWvyxv,2022-04-21 20:12:46+00:00
143,44196397,1517234027970899982,https://t.co/TMOnmKBcWQ,2022-04-21 20:09:15+00:00
144,44196397,1517219715520901121,@APompliano Tesla is really a dozen or more startups if you look at all the things created from scratch that aren‚Äôt present in other car companies,2022-04-21 19:12:23+00:00
145,44196397,1517218742291382272,@SpaceX Starlink satellites deployed into initial parking orbit https://t.co/73sOZkUJaJ,2022-04-21 19:08:31+00:00
146,44196397,1517215736606957573,And authenticate all real humans,2022-04-21 18:56:34+00:00
147,44196397,1517215588376092673,@johnkrausphotos Indeed (heavy sigh),2022-04-21 18:55:59+00:00
148,44196397,1517215066550116354,"If our twitter bid succeeds, we will defeat the spam bots or die trying!",2022-04-21 18:53:55+00:00
149,44196397,1517214299923652609,"Such a joy to work with amazingly talented people at SpaceX, Tesla, Neuralink &amp; Boring Co!",2022-04-21 18:50:52+00:00
150,44196397,1517213176835805184,@WholeMarsBlog @Herbert_Diess Diess deserves a lot of credit for moving VW rapidly towards electrification. They‚Äôre lucky to have him.,2022-04-21 18:46:24+00:00
151,44196397,1517212509882695680,"@SamTwits My true moral error was creating Tesla &amp; SpaceX at same time, while avoiding general mgmt chores at Tesla (focusing only on product &amp; engineering). Tried to have my cake &amp; eat it too, which failed.",2022-04-21 18:43:45+00:00
152,44196397,1517210882073321472,"@SamTwits Agreed. I wish JB &amp; I had just moved forward to commercialize the Tzero without adding other partners. In the end, that‚Äôs what happened anyway.",2022-04-21 18:37:17+00:00
153,44196397,1517208246762852354,@fermatslibrary Resistance is futile,2022-04-21 18:26:49+00:00
154,44196397,1517206816391938050,@WholeMarsBlog The esthetics of the new rendering will improve,2022-04-21 18:21:08+00:00
155,44196397,1517206343446315008,"@TPostMillennial SNL is so rarely funny these day (sigh)
https://t.co/zYnkLgdDY8",2022-04-21 18:19:15+00:00
156,44196397,1517205565793050625,@Erdayastronaut Making rocket reuse normal is the goal,2022-04-21 18:16:09+00:00
157,44196397,1517205283797413888,"RT @SpaceX: Falcon 9‚Äôs first stage has landed on the Just Read the Instructions droneship, completing this booster‚Äôs 12th launch and landin‚Ä¶",2022-04-21 18:15:02+00:00
158,44196397,1517201246607888384,RT @SpaceX: Watch Falcon 9 launch 53 Starlink satellites to orbit ‚Üí https://t.co/P14Aqhp22B https://t.co/s0ZaU8ZLUo,2022-04-21 17:59:00+00:00
159,44196397,1517177549553553414,@BillyM2k Always look on the bright side of life,2022-04-21 16:24:50+00:00
160,44196397,1517074058482958336,@teslaownersSV @DimaZeniuk @billhuang688 @woonomic @VaibhavSisinty Maybe JB would be up for that too. He deserves a lot of credit (as do many longtime Tesla people).,2022-04-21 09:33:36+00:00
161,44196397,1517073820284301313,@teslaownersSV @DimaZeniuk @billhuang688 @woonomic @VaibhavSisinty Ok sure,2022-04-21 09:32:39+00:00
162,44196397,1517073148075810816,@Tesla__Mania @woonomic @VaibhavSisinty Yes,2022-04-21 09:29:59+00:00
163,44196397,1517072753475600385,"@garyblack00 The failures are mine, the successes belong to others",2022-04-21 09:28:24+00:00
164,44196397,1517063049949192192,"@DimaZeniuk @billhuang688 @woonomic @VaibhavSisinty I should, but that would take a lot of time away from Tesla, SpaceX &amp; other work. Walter Isaacson is writing a book.",2022-04-21 08:49:51+00:00
165,44196397,1517061120212807680,@PPathole @teslaownersSV @woonomic @VaibhavSisinty Exactly,2022-04-21 08:42:11+00:00
166,44196397,1517060599578042369,"@billhuang688 @woonomic @VaibhavSisinty I put in all I had, whereas Eberhard, who was worth over $10M at the time, refused to invest a penny to help Tesla. 

If it was really his baby, he would never have stood by while it starved to death.

https://t.co/ZDfYLD5qkL",2022-04-21 08:40:07+00:00
167,44196397,1517058850406506497,"@teslaownersSV @woonomic @VaibhavSisinty But if he was actually capable of creating a company like Tesla, he would have done so after he was fired for lying outrageously about cost &amp; progress of Roadster in mid 2007.

We would‚Äôve lost at least a few talented people if he was the real deal, but we lost no one.",2022-04-21 08:33:10+00:00
168,44196397,1517057537731932161,@teslaownersSV @woonomic @VaibhavSisinty Eberhard has been relentlessly pushing a false narrative about Tesla for 15 years. He‚Äôs a compelling liar. Fooled me for almost 3 years.,2022-04-21 08:27:57+00:00
169,44196397,1517055957209071617,"@woonomic @VaibhavSisinty They say history is written by the victors, but not on Wikipedia if the losing party is still alive &amp; has lots of time on their hands!",2022-04-21 08:21:40+00:00
170,44196397,1517054436736126977,"@woonomic @VaibhavSisinty When Eberhard was fired unanimously by the board in July 2007 (for damn good reasons), no one left with him. That says it all.",2022-04-21 08:15:37+00:00
171,44196397,1517053535464181761,"@woonomic @VaibhavSisinty If filing a shell corp constitutes ‚Äúfounding a company‚Äù, then I‚Äôd be the only founder of PayPal, since I filed the original incorporation docs for https://t.co/bOUOek5Cvy (later renamed PayPal), but that‚Äôs not what founding means.",2022-04-21 08:12:03+00:00
172,44196397,1517052799070126080,"@woonomic @VaibhavSisinty Not even close to that. It was a shell corp with no employees, no IP, no designs, no prototype, literally nothing but a biz plan to commercialize AC Propulsion‚Äôs Tzero car, which was introduced to me by JB Straubel, *not* Eberhard. 

Even name ‚ÄúTesla Motors‚Äù was owned by others!",2022-04-21 08:09:07+00:00
173,44196397,1516977323576381441,"Please consider working at The Boring Company! 

Our goal is to solve traffic, which plagues every major city on Earth. https://t.co/1tHNhIo7sd",2022-04-21 03:09:12+00:00
174,44196397,1516976771874365441,"@Erdayastronaut Hopefully, I didn‚Äôt say too many dumb things",2022-04-21 03:07:01+00:00
175,44196397,1516976498154037248,@WholeMarsBlog Tesla opex is embarrassingly high imo!,2022-04-21 03:05:55+00:00
176,44196397,1516946581030903809,@garyblack00 @MartinViecha $1T valuation with $0 advertising spend,2022-04-21 01:07:03+00:00
177,44196397,1516851177144659970,@BillyM2k @nichegamer @slashdot Does it accurately portray software engineers?,2022-04-20 18:47:57+00:00
178,44196397,1516850420483829764,@SawyerMerritt Yeah,2022-04-20 18:44:56+00:00
179,44196397,1516790570160644096,@squawksquare @Pmgraham86 Yes,2022-04-20 14:47:07+00:00
180,44196397,1516775179493548038,@Teslarati @13ericralph31 Had to been done,2022-04-20 13:45:57+00:00
181,44196397,1516620752040116231,_______ is the Night,2022-04-20 03:32:19+00:00
182,44196397,1516615567758745606,@nichegamer @slashdot Can they please just make sci-fi/fantasy at least *mostly* about sci-fi/fantasy?,2022-04-20 03:11:43+00:00
183,44196397,1516614018089504768,@nichegamer @slashdot True,2022-04-20 03:05:33+00:00
184,44196397,1516610727641063425,"@akheriaty I love Pinball Wizard!
https://t.co/h3psi9XFlT",2022-04-20 02:52:29+00:00
185,44196397,1516609514925182980,@PPathole Absolutely,2022-04-20 02:47:40+00:00
186,44196397,1516601612114055170,@PPathole @slashdot Yes,2022-04-20 02:16:16+00:00
187,44196397,1516600269899026432,@slashdot The woke mind virus is making Netflix unwatchable,2022-04-20 02:10:56+00:00
188,44196397,1516483038242385928,A social media platform‚Äôs policies are good if the most extreme 10% on left and right are equally unhappy,2022-04-19 18:25:05+00:00
189,44196397,1516470730136952833,@pmarca Extremely concerning. Who is pushing this censorship/deplatforming? Very shadowy.,2022-04-19 17:36:11+00:00
190,44196397,1516168605934698498,@pmarca ü§£,2022-04-18 21:35:39+00:00
191,44196397,1516168344860307464,@Erdayastronaut ‚ô•Ô∏èüöÄ‚ú®,2022-04-18 21:34:37+00:00
192,44196397,1516167738909249539,SpaceX Falcon team making great progress! Aiming for 5 day launch cadence with many performance &amp; refurb improvements.,2022-04-18 21:32:12+00:00
193,44196397,1516057871108165637,"Why, thank you, sir!  https://t.co/tealJWLSdP",2022-04-18 14:15:38+00:00
194,44196397,1516057553842671618,@greg16676935420 ü§£ü§£,2022-04-18 14:14:22+00:00
195,44196397,1516056299376623626,"@garyblack00 Board salary will be $0 if my bid succeeds, so that‚Äôs ~$3M/year saved right there",2022-04-18 14:09:23+00:00
196,44196397,1516055505189457923,"@ICannot_Enough @jaylew333 Since he is consistently wrong, it should be possible to do quite well simply by doing the opposite of what he recommends",2022-04-18 14:06:14+00:00
197,44196397,1516017823461613574,@TrungTPhan @TEDchris I feel it‚Äôs important that one‚Äôs hat also have a hat. Long-standing belief.,2022-04-18 11:36:30+00:00
198,44196397,1515893546657751041,@teslaownersSV @Tesla I used to be such a snappy dresser!,2022-04-18 03:22:40+00:00
199,44196397,1515893304054980610,@Erdayastronaut I think my clothes are too big for me,2022-04-18 03:21:42+00:00
200,44196397,1515892573872832512,"@itsALLrisky @gigadgets_ I love it, sign me up",2022-04-18 03:18:48+00:00
201,44196397,1515891581307568131,@itsALLrisky @gigadgets_ ü§£,2022-04-18 03:14:51+00:00
202,44196397,1515888255052533761,@gigadgets_ Sounds high,2022-04-18 03:01:38+00:00
203,44196397,1515860368417034243,@TEDchris I should probably stop cutting my own hair haha,2022-04-18 01:10:49+00:00
204,44196397,1515860217128538116,@TEDchris Good interview,2022-04-18 01:10:13+00:00
205,44196397,1515801552392527872,@pmarca @SallyMayweather üòú,2022-04-17 21:17:06+00:00
206,44196397,1515799688296943636,Happy Easter! https://t.co/3gBFlrPOQO,2022-04-17 21:09:42+00:00
207,44196397,1515728751912534016,Smooth landing video https://t.co/2K8Z80aB0u,2022-04-17 16:27:49+00:00
208,44196397,1515577134437347329,"@WholeMarsBlog Based on feedback received, we will drop mobile connector price to $200 &amp; make it easy to order with car. 

Note, mobile connector is not needed if you have a Tesla wall connector or to use Superchargers.

Recommend installing Tesla wall connector well before car arrives.",2022-04-17 06:25:21+00:00
209,44196397,1515440119074930694,"@WSBChairman In fairness to the Twitter board, this might be more of a concern about other potential bidders vs just me",2022-04-16 21:20:54+00:00
210,44196397,1515439697425805315,"@WholeMarsBlog Usage statistics were super low, so seemed wasteful. On the (minor) plus side, we will be including more plug adapters with the mobile connector kit.",2022-04-16 21:19:14+00:00
211,44196397,1515436658317041670,@business üòõ,2022-04-16 21:07:09+00:00
212,44196397,1515405264740134918,üé∂ Love Me Tender üé∂,2022-04-16 19:02:24+00:00
213,44196397,1515403974802870279,"@ChrisJBakke Wow, with Jack departing, the Twitter board collectively owns almost no shares! Objectively, their economic interests are simply not aligned with shareholders.",2022-04-16 18:57:17+00:00
214,44196397,1515386726818144264,"@waitbutwhy Civilization, as defined by the invention of writing, is only ~5500 years old https://t.co/SMHYvKN2sd",2022-04-16 17:48:44+00:00
215,44196397,1515369292908441604,@MarketRebels ü§£ü§£,2022-04-16 16:39:28+00:00
216,44196397,1515368314041774087,@ICannot_Enough !,2022-04-16 16:35:34+00:00
217,44196397,1515367711894917122,@DavidSacks Indeed,2022-04-16 16:33:11+00:00
218,44196397,1515188160371777536,@redletterdave üôÉ,2022-04-16 04:39:42+00:00
219,44196397,1515176371269611521,@lrocket @TonyeFreeman Thanks for teaching me so much about rocket engines!,2022-04-16 03:52:52+00:00
220,44196397,1515157069443309570,@lrocket ü§£,2022-04-16 02:36:10+00:00
221,44196397,1515102072676487171,@daelmor @MFrunker @28delayslater @WholeMarsBlog @RenataKonkoly @DimaZeniuk @SirineAti @TroyRubert @Kristennetten @marenkahnert ü§£,2022-04-15 22:57:38+00:00
222,44196397,1515080561643208710,@yishan My most immediate takeaway from this novella of a thread is that Twitter is *way* overdue for long form tweets!,2022-04-15 21:32:09+00:00
223,44196397,1515060055388864522,@ICannot_Enough ü§£,2022-04-15 20:10:40+00:00
224,44196397,1515059837448691715,Thanks for the support! https://t.co/nY4nyRfqcl,2022-04-15 20:09:48+00:00
225,44196397,1514726980909948928,ü§î https://t.co/PfqYpLiuVd,2022-04-14 22:07:09+00:00
226,44196397,1514725812544712708,"@BillyM2k @vladtenev Exactly, block size &amp; time should keep pace with the rest of the Internet",2022-04-14 22:02:30+00:00
227,44196397,1514723388396392452,@BillyM2k As I was saying ‚Ä¶,2022-04-14 21:52:52+00:00
228,44196397,1514723037060468742,"@vladtenev 6 seconds, better said as 6000 milliseconds, which is a long time to computers, is about right",2022-04-14 21:51:28+00:00
229,44196397,1514720245113577473,i‚ô•Ô∏èu,2022-04-14 21:40:23+00:00
230,44196397,1514718700674306052,"@cameron If the current Twitter board takes actions contrary to shareholder interests, they would be breaching their fiduciary duty. 

The liability they would thereby assume would be titanic in scale.",2022-04-14 21:34:15+00:00
231,44196397,1514708354429456386,@Cernovich Good question,2022-04-14 20:53:08+00:00
232,44196397,1514702695332036610,@somospostpc @Alwaleed_Talal @Twitter @Kingdom_KHC üßê,2022-04-14 20:30:39+00:00
233,44196397,1514698036760530945,"Taking Twitter private at $54.20 should be up to shareholders, not the board",2022-04-14 20:12:08+00:00
234,44196397,1514686582745284651,"@PoliticalShort @Twitter Absolutely. It would be utterly indefensible not to put this offer to a shareholder vote. They own the company, not the board of directors.",2022-04-14 19:26:37+00:00
235,44196397,1514683079968931841,"@Alwaleed_Talal @Twitter @Kingdom_KHC Interesting. Just two questions, if I may. 

How much of Twitter does the Kingdom own, directly &amp; indirectly?

What are the Kingdom‚Äôs views on journalistic freedom of speech?",2022-04-14 19:12:42+00:00
236,44196397,1514681422212128770,Will endeavor to keep as many shareholders in privatized Twitter as allowed by law,2022-04-14 19:06:07+00:00
237,44196397,1514564966564651008,"I made an offer 
https://t.co/VvreuPMeLu",2022-04-14 11:23:21+00:00
238,44196397,1514529863855710214,RT @SpaceX: Photos from the @space_station of Dragon and the Ax-1 astronauts approaching the orbiting laboratory before docking on Saturday‚Ä¶,2022-04-14 09:03:52+00:00
